"date","GDP","GDPC1","USREC","g1","rg1","g4","rg4"
1947-01-01,243.164,2034.45,0,NA,NA,NA,NA
1947-04-01,245.968,2029.024,0,0.0115313122008194,-0.00266705989333704,NA,NA
1947-07-01,249.585,2024.834,0,0.0147051648994996,-0.00206503225195975,NA,NA
1947-10-01,259.745,2056.508,0,0.0407075745737924,0.0156427638018717,NA,NA
1948-01-01,265.742,2087.442,0,0.0230880286434769,0.0150420032404452,0.0928509154315607,0.0260473346604733
1948-04-01,272.567,2121.899,0,0.0256828051267772,0.0165068059376015,0.108140083262864,0.0457732387591276
1948-07-01,279.196,2134.056,0,0.0243206257544022,0.00572930191305043,0.118640943966985,0.0539412119709566
1948-10-01,280.366,2136.44,0,0.00419060444992048,0.00111712157506672,0.0793894011434291,0.0388678283770354
1949-01-01,275.034,2107.001,1,-0.0190179979027419,-0.0137794649042331,0.034966245456119,0.00936984117403039
1949-04-01,271.351,2099.814,1,-0.013391071649323,-0.00341100929710048,-0.00446128841715987,-0.0104081296989159
1949-07-01,272.889,2121.493,1,0.00566793562581269,0.0103242477667069,-0.022589865184315,-0.00588691205854019
1949-10-01,270.627,2103.688,0,-0.00828908457284783,-0.0083926744042998,-0.0347367369795195,-0.0153301754320271
1950-01-01,280.828,2186.365,0,0.0376939477583533,0.0393009799932313,0.0210664863253269,0.0376668069924977
1950-04-01,290.383,2253.045,0,0.0340243850328315,0.0304981098764385,0.0701379394216346,0.0729736062336952
1950-07-01,308.153,2340.112,0,0.0611950424095076,0.0386441460334792,0.129224703084404,0.103049597618281
1950-10-01,319.945,2384.92,0,0.0382667051756762,0.0191478014727506,0.182236066615674,0.133685223284061
1951-01-01,336,2417.311,0,0.0501804997733981,0.0135815876423522,0.196461891264404,0.105630121228615
1951-04-01,344.09,2459.196,0,0.0240773809523811,0.0173271043734136,0.184952287151796,0.0914988382389166
1951-07-01,351.385,2509.88,0,0.0212008486151873,0.0206099879798107,0.140293944891012,0.0725469550175377
1951-10-01,356.178,2515.408,0,0.0136403090627095,0.00220249573684872,0.113247589429433,0.0547137849487613
1952-01-01,359.82,2542.286,0,0.0102252244664183,0.0106853440873207,0.0708928571428571,0.0517000088114437
1952-04-01,361.03,2547.762,0,0.00336279250736493,0.00215396694156356,0.0492313057630271,0.0360142095221365
1952-07-01,367.701,2566.153,0,0.0184776888347231,0.00721849215115045,0.0464333992629169,0.02242059381325
1952-10-01,380.812,2650.431,0,0.0356566884506702,0.0328421571122224,0.0691620481893884,0.0536783694732625
1953-01-01,387.98,2699.699,0,0.0188229362520091,0.0185886748230761,0.0782613528986715,0.0619178959408972
1953-04-01,391.749,2720.566,0,0.009714418268983,0.00772938020127389,0.0850871118743597,0.0678258016251123
1953-07-01,391.171,2705.258,1,-0.00147543452567878,-0.00562677031176617,0.0638290350039841,0.054207601807063
1953-10-01,385.97,2664.302,1,-0.0132959754173999,-0.0151394062969218,0.0135447412371459,0.00523348844018212
1954-01-01,385.345,2651.566,1,-0.00161929683654194,-0.00478023887682466,-0.00679158719521622,-0.0178290246431178
1954-04-01,386.121,2654.456,1,0.00201377985960582,0.00108992195555446,-0.0143663417136994,-0.0243000904958747
1954-07-01,390.996,2684.434,0,0.0126255759205016,0.0112934627660055,-0.000447374677570722,-0.00769760222500016
1954-10-01,399.734,2736.96,0,0.0223480547115578,0.0195668807651816,0.0356608026530558,0.0272709324993938
1955-01-01,413.073,2815.134,0,0.0333696908444112,0.0285623465450719,0.0719562989009848,0.0616873198705974
1955-04-01,421.532,2860.942,0,0.0204782205566574,0.016272049572063,0.0917095936247965,0.0777884432817872
1955-07-01,430.221,2899.578,0,0.0206129072051471,0.0135046428763665,0.100320719393549,0.0801450138092423
1955-10-01,437.092,2916.985,0,0.0159708614874674,0.00600328737492162,0.0934571490040876,0.0657755319770841
1956-01-01,439.746,2905.656,0,0.00607194823973023,-0.00388380468188898,0.0645721216346749,0.0321554853161519
1956-04-01,446.01,2929.666,0,0.0142445866477463,0.00826319426663025,0.0580691382860614,0.0240214586664114
1956-07-01,451.191,2927.034,0,0.0116163314723889,-0.000898395926361317,0.048742390538816,0.00946896410443188
1956-10-01,460.463,2975.209,0,0.0205500552980888,0.0164586403847722,0.0534692925059257,0.0199603357576401
1957-01-01,469.779,2994.259,0,0.0202318101562995,0.00640291152655204,0.0682962437407049,0.0304932861976779
1957-04-01,472.025,2987.699,0,0.00478097147807754,-0.00219085924096762,0.0583282886033945,0.0198087427030931
1957-07-01,479.49,3016.979,0,0.0158148403156608,0.00980018402121474,0.0627206659707309,0.0307290588356677
1957-10-01,474.864,2985.775,1,-0.00964775073515589,-0.010342796552445,0.0312750427287316,0.00355134714905758
1958-01-01,467.54,2908.281,1,-0.0154233633208661,-0.025954400448795,-0.00476607085459324,-0.0287142828993752
1958-04-01,471.978,2927.395,0,0.00949223595842064,0.00657226726028215,-0.0000995709972988479,-0.020184094850251
1958-07-01,485.841,2995.112,0,0.0293721317519031,0.0231321704108942,0.0132453231558531,-0.00724797885566975
1958-10-01,499.555,3065.141,0,0.0282273418669901,0.023381095598429,0.0519959398901582,0.0265813733452789
1959-01-01,510.33,3123.978,0,0.0215691965849605,0.0191955280360661,0.0915215810411942,0.0741664921649594
1959-04-01,522.653,3194.429,0,0.0241471204906629,0.0225516953064333,0.107367292543296,0.0912189847970637
1959-07-01,525.034,3196.683,0,0.00455560381362052,0.000705603411438771,0.0806704250979229,0.0672999874462124
1959-10-01,528.6,3205.79,0,0.00679194109333814,0.00284889055311366,0.0581417461540772,0.0458866329477174
1960-01-01,542.648,3277.847,0,0.0265758607642836,0.022477142919531,0.0633276507357985,0.0492541880896729
1960-04-01,541.08,3260.177,1,-0.0028895342837344,-0.0053907336126422,0.0352566616856691,0.0205820821185883
1960-07-01,545.604,3276.133,1,0.00836105566644463,0.00489421279887581,0.0391784151121644,0.0248538876078734
1960-10-01,540.197,3234.087,1,-0.00991011796101227,-0.0128340332947419,0.0219390843738176,0.00882684143378065
1961-01-01,545.018,3255.914,1,0.00892452197994453,0.00674904540292265,0.0043674720997775,-0.00669128241800176
1961-04-01,555.545,3311.181,0,0.0193149584050429,0.0169743426884124,0.0267335698972424,0.0156445493603568
1961-07-01,567.664,3374.742,0,0.021814614477675,0.0191958699932135,0.0404322548954918,0.0300992053741409
1961-10-01,580.612,3440.924,0,0.0228092674539875,0.0196109806319997,0.0748152988631925,0.0639552986669809
1962-01-01,594.013,3502.298,0,0.0230808181711708,0.0178364881061026,0.0898961135228562,0.0756727603984624
1962-04-01,600.366,3533.947,0,0.0106950521284885,0.00903663823009904,0.0806793329073252,0.0672769021083415
1962-07-01,609.027,3577.362,0,0.0144262000179893,0.0122851304787535,0.0728652865075117,0.0600401452911066
1962-10-01,612.28,3589.128,0,0.0053413067072563,0.00328901576077656,0.0545424483131591,0.0430709890715402
1963-01-01,621.672,3628.306,0,0.0153393872084666,0.0109157433226115,0.0465629540094241,0.035978663152022
1963-04-01,629.752,3669.02,0,0.0129972075306595,0.0112212145282118,0.0489468091131076,0.0382215692538683
1963-07-01,644.444,3749.681,0,0.0233298187222899,0.0219843445933798,0.0581534152016248,0.048169293462613
1963-10-01,653.938,3774.264,0,0.0147320791255716,0.00655602436580582,0.0680374991833801,0.0515824456525373
1964-01-01,669.822,3853.835,0,0.0242897644730848,0.0210825209895225,0.0774524186387677,0.0621582082657857
1964-04-01,678.674,3895.793,0,0.0132154512691434,0.0108873368994786,0.0776845488382729,0.0618075126328013
1964-07-01,692.031,3956.657,0,0.0196810250576855,0.0156230066638539,0.0738419474772052,0.0551982955350068
1964-10-01,697.319,3968.878,0,0.00764127618560484,0.00308871858237891,0.0663380932137296,0.0515634306450212
1965-01-01,717.79,4064.915,0,0.0293567219593898,0.0241975187949859,0.0716130554087504,0.0547714160050963
1965-04-01,730.191,4116.267,0,0.0172766408002347,0.0126329824854885,0.0759083153325455,0.0565928425868623
1965-07-01,749.323,4207.782,0,0.0262013637527712,0.022232522817397,0.0827881987945627,0.0634689840438531
1965-10-01,771.857,4304.731,0,0.030072478757492,0.0230404046597465,0.106892254477506,0.084621648738006
1966-01-01,795.734,4409.518,0,0.0309344865694037,0.0243422875900963,0.108588863037936,0.0847749583939639
1966-04-01,804.981,4424.581,0,0.0116207174759402,0.00341601961937754,0.102425255857714,0.0749013608689622
1966-07-01,819.638,4462.053,0,0.0182078831674286,0.00846905051574365,0.0938380378021229,0.0604287484475192
1966-10-01,833.302,4498.66,0,0.0166707741710361,0.00820407108566412,0.0796067147152906,0.045050201743152
1967-01-01,844.17,4538.498,0,0.0130420903825985,0.00885552586770366,0.0608695870730671,0.0292503625112766
1967-04-01,848.983,4541.28,0,0.00570145823708512,0.000612978126242059,0.0546621597279935,0.0263751528110796
1967-07-01,865.233,4584.246,0,0.0191405481617413,0.0094612091745061,0.055628216358929,0.0273849279692555
1967-10-01,881.439,4618.812,0,0.0187302148669781,0.00754017127353124,0.057766572023108,0.0267083976117333
1968-01-01,909.387,4713.013,0,0.031707242361638,0.0203950712867296,0.077255766018693,0.0384521487064664
1968-04-01,934.344,4791.758,0,0.0274437615668581,0.0167079955009672,0.100545005023658,0.0551558151005884
1968-07-01,950.825,4828.892,0,0.0176391136455099,0.00774955663453869,0.0989236425332831,0.0533666823290024
1968-10-01,968.03,4847.885,0,0.0180948123997575,0.0039332004111905,0.0982382218168245,0.0495956536009694
1969-01-01,993.337,4923.76,0,0.0261427848310489,0.0156511550913445,0.0923149330263133,0.0447159810507631
1969-04-01,1009.02,4938.728,0,0.0157881967549787,0.00303995320649308,0.0799234543166114,0.0306714153761523
1969-07-01,1029.956,4971.349,0,0.0207488454143625,0.00660514205277019,0.0832235164199508,0.0295009704089468
1969-10-01,1038.147,4947.104,0,0.00795276691431446,-0.00487694587525345,0.0724326725411402,0.020466450833714
1970-01-01,1051.2,4939.759,1,0.012573363887773,-0.00148470701242642,0.0582511272609396,0.00324934602823856
1970-04-01,1067.375,4946.77,1,0.0153871765601226,0.00141930001038615,0.0578333432439397,0.00162835450747645
1970-07-01,1086.059,4992.357,1,0.017504625834406,0.00921550830137585,0.0544712589664025,0.00422581476375927
1970-10-01,1088.608,4938.857,1,0.00234701797968673,-0.0107163810600883,0.0486067965326684,-0.00166703590625961
1971-01-01,1135.156,5072.996,0,0.0427591933919282,0.0271599278942474,0.0798668188736682,0.0269723684900418
1971-04-01,1156.271,5100.447,0,0.0186009676203092,0.00541120079731905,0.0832846937580514,0.0310661300201949
1971-07-01,1177.675,5142.422,0,0.0185112313635816,0.00822967085041726,0.084356374745755,0.030058948108078
1971-10-01,1190.297,5154.547,0,0.0107177277262402,0.00235783838821546,0.0934119536141569,0.0436720480062491
1972-01-01,1230.609,5249.337,0,0.0338671776875854,0.0183895888426284,0.0840880020014869,0.0347607212779195
1972-04-01,1266.369,5368.485,0,0.0290587830903235,0.0226977235410868,0.0952181625241832,0.0525518645718699
1972-07-01,1290.566,5419.184,0,0.0191073849723109,0.00944381888000057,0.0958592141295349,0.0538193870514712
1972-10-01,1328.904,5509.926,0,0.0297063458978466,0.0167445873769922,0.116447407663802,0.0689447588701784
1973-01-01,1377.49,5646.286,0,0.0365609554941511,0.0247480637671,0.119356351204973,0.075618882917976
1973-04-01,1413.887,5707.755,0,0.026422696353513,0.0108866252966995,0.116488953851523,0.0631966001581452
1973-07-01,1433.838,5677.738,0,0.0141107457668121,-0.00525898536289682,0.111014857047218,0.0477108730760942
1973-10-01,1476.289,5731.632,0,0.0296065524836131,0.00949216043431389,0.110907183664132,0.0402375639890624
1974-01-01,1491.209,5682.353,1,0.0101064222520122,-0.00859772574373241,0.082555227261178,0.00638773877199994
1974-04-01,1530.056,5695.859,1,0.0260506743186228,0.00237683227353136,0.0821628602568665,-0.00208418195945692
1974-07-01,1560.026,5642.025,1,0.0195875183653413,-0.00945142778288532,0.0880071528303756,-0.00629000492801901
1974-10-01,1599.679,5620.126,1,0.0254181661074877,-0.00388140782786461,0.0835811958227692,-0.0194544939382011
1975-01-01,1616.116,5551.713,1,0.0102751864592836,-0.0121728587579703,0.0837622358770636,-0.0229904759524796
1975-04-01,1651.853,5591.382,0,0.0221128928864018,0.00714536216119166,0.0796029687802278,-0.0183426240010507
1975-07-01,1709.82,5687.087,0,0.0350921056534688,0.0171165196725973,0.0960201945352193,0.00798684869350996
1975-10-01,1761.831,5763.665,0,0.030418991472787,0.0134652415199552,0.101365336420619,0.0255401747220614
1976-01-01,1820.487,5893.276,0,0.0332926370349935,0.0224876012051365,0.126458125530593,0.0615238936162585
1976-04-01,1852.332,5936.515,0,0.0174925720425356,0.00733700576724994,0.12136612640471,0.0617258845845268
1976-07-01,1886.558,5969.089,0,0.0184772492188223,0.00548705764240576,0.103366436233054,0.0495863699640957
1976-10-01,1934.273,6012.356,0,0.0252920927954516,0.00724850978097336,0.0978765840764524,0.0431480663779036
1977-01-01,1988.648,6083.391,0,0.0281113369208998,0.0118148359811012,0.0923714368737596,0.0322596464173746
1977-04-01,2055.909,6201.659,0,0.0338224763759098,0.0194411307772275,0.109903084328295,0.0446632409755554
1977-07-01,2118.473,6313.559,0,0.0304313080005001,0.0180435589896177,0.122930225309797,0.0577089736809084
1977-10-01,2164.27,6313.697,0,0.0216179295181009,0.000021857719235463,0.118906173016942,0.0501202856251359
1978-01-01,2202.76,6333.848,0,0.0177842875426817,0.00319163241441678,0.107667118564975,0.0411706234236793
1978-04-01,2331.633,6578.605,0,0.0585052388821292,0.0386427018772784,0.134112939823698,0.06078147798839
1978-07-01,2395.053,6644.754,0,0.0271998208980568,0.0100551712711139,0.130556301638019,0.0524577342193207
1978-10-01,2476.949,6734.069,0,0.0341938153351937,0.0134414306383639,0.144473194194809,0.0665809588265005
1979-01-01,2526.61,6746.176,0,0.0200492622173487,0.00179787287596866,0.147020102053787,0.0650991308916793
1979-04-01,2591.247,6753.389,0,0.0255824998713692,0.00106919831323782,0.111344281025359,0.0265685506273747
1979-07-01,2667.565,6803.558,0,0.0294522289847323,0.00742871467940032,0.113781198161377,0.0238991541297089
1979-10-01,2723.883,6820.572,0,0.0211121378485621,0.00250075034268837,0.0996928075628525,0.0128455767233748
1980-01-01,2789.842,6842.024,1,0.0242150635691762,0.00314519075526132,0.104183866920498,0.0142077526586915
1980-04-01,2797.352,6701.046,1,0.00269190871741154,-0.0206047216437706,0.0795389246953302,-0.00775062712957897
1980-07-01,2856.483,6693.082,0,0.0211382049881457,-0.0011884711730088,0.070820392380317,-0.0162379743069728
1980-10-01,2985.557,6817.903,0,0.0451863357842501,0.0186492560527436,0.0960665344289751,-0.000391316153542487
1981-01-01,3124.206,6951.495,0,0.0464399105426556,0.0195942946093541,0.119850514832023,0.0159997977206745
1981-04-01,3162.532,6899.98,0,0.0122674369103695,-0.00741063612935089,0.130544886735742,0.029687007073224
1981-07-01,3260.609,6982.609,1,0.0310121763194819,0.0119752521021801,0.141476774060969,0.0432576502125628
1981-10-01,3280.818,6906.529,1,0.00619792192194657,-0.0108956408700529,0.0988964538275439,0.0129990115729133
1982-01-01,3274.302,6799.233,1,-0.00198609005436967,-0.0155354447943395,0.0480429267468279,-0.0219034898248506
1982-04-01,3331.972,6830.251,1,0.0176129141417007,0.00456198515332629,0.053577323486371,-0.0101056814657433
1982-07-01,3366.322,6804.139,1,0.0103092102814781,-0.00382299274214126,0.0324212440068712,-0.0255592143280542
1982-10-01,3402.561,6806.857,1,0.0107651615026727,0.000399462738782885,0.0371075140407058,-0.0144315617874045
1983-01-01,3473.413,6896.561,0,0.0208231388063282,0.013178475763483,0.0608102123750345,0.0143145557741586
1983-04-01,3578.848,7053.5,0,0.0303548699794705,0.0227561243930141,0.0740930596055429,0.0326853288407702
1983-07-01,3689.179,7194.504,0,0.030828635359758,0.0199906429432186,0.0959079375056813,0.0573716968451115
1983-10-01,3794.706,7344.597,0,0.0286044672812029,0.0208621747934266,0.115249954372604,0.0789997498111095
1984-01-01,3908.054,7488.167,0,0.0298700347273275,0.0195477028896205,0.125133694150393,0.0857827546221952
1984-04-01,4009.601,7617.547,0,0.0259840319504292,0.0172779266274379,0.1203607976645,0.0799669667540936
1984-07-01,4084.25,7690.985,0,0.0186175631939445,0.00964063628356993,0.107089138260843,0.0690083708341811
1984-10-01,4148.551,7754.117,0,0.0157436493848313,0.00820857146386267,0.0932470130755849,0.0557579946183568
1985-01-01,4230.168,7829.26,0,0.0196736161614013,0.00969072300559759,0.0824231190254792,0.0455509338934348
1985-04-01,4294.887,7898.194,0,0.0152993923645597,0.00880466353141962,0.0711507204831603,0.0368421750466392
1985-07-01,4386.773,8018.809,0,0.0213942764966806,0.0152712126341787,0.0740706372038931,0.0426244492740528
1985-10-01,4444.094,8078.415,0,0.0130667805240892,0.00743327344497247,0.0712400546600487,0.0418226859357422
1986-01-01,4507.894,8153.829,0,0.0143561319810057,0.00933524707507583,0.0656536572542747,0.0414558974922279
1986-04-01,4545.34,8190.552,0,0.0083067614278427,0.00450377362586307,0.0583142234009884,0.0370158038660482
1986-07-01,4607.669,8268.935,0,0.0137127255606844,0.0095699288643798,0.0503550103914654,0.0311924127385999
1986-10-01,4657.627,8313.338,0,0.0108423586850537,0.00536985718233329,0.0480487136410708,0.0290803332089278
1987-01-01,4722.156,8375.274,0,0.013854479974458,0.00745019629900856,0.0475303988958036,0.0271584061917414
1987-04-01,4806.16,8465.63,0,0.0177893318221585,0.0107884231608408,0.0573818460225197,0.0335847937965597
1987-07-01,4884.555,8539.075,0,0.0163113587562642,0.00867566855626944,0.0600924241736984,0.0326692615191679
1987-10-01,5007.994,8685.694,0,0.0252712887867985,0.0171703609583007,0.0752243578113918,0.0447901913767972
1988-01-01,5073.372,8730.569,0,0.0130547281007118,0.00516654167185737,0.0743761959579481,0.0424218956896216
1988-04-01,5190.036,8845.28,0,0.0229953569342038,0.013139006174741,0.0798716646969722,0.0448460421728805
1988-07-01,5282.835,8897.107,0,0.0178802227961439,0.00585928314309991,0.0815386457927079,0.0419286632334297
1988-10-01,5399.509,9015.661,0,0.0220854900825032,0.0133250055326963,0.0781780089992121,0.0379897104364948
1989-01-01,5511.253,9107.314,0,0.0206952150649253,0.010165976737591,0.0863096575610856,0.0431523993453349
1989-04-01,5612.463,9176.827,0,0.0183642449366763,0.00763265656592083,0.0813919209808949,0.0374829287484397
1989-07-01,5695.365,9244.816,0,0.0147710550608544,0.00740876993758288,0.0780887534817953,0.0390811305292833
1989-10-01,5747.237,9263.033,0,0.00910775692163734,0.00197050974297408,0.0643999296973115,0.0274380325524661
1990-01-01,5872.701,9364.259,0,0.0218303160283793,0.0109279541592902,0.0655836340665181,0.028213038443607
1990-04-01,5960.028,9398.243,0,0.0148699891242545,0.00362911790457754,0.0619273570266745,0.0241277295518376
1990-07-01,6015.116,9404.494,1,0.00924290959706875,0.000665124321642008,0.0561423192367829,0.0172721663686979
1990-10-01,6004.733,9318.876,1,-0.00172615124961761,-0.00910394541162929,0.0448034420713814,0.00602858696498232
1991-01-01,6035.178,9275.276,1,0.00507016714981257,-0.00467867584030612,0.0276664860002238,-0.00950240697101612
1991-04-01,6126.862,9347.597,0,0.0151915983256827,0.00779718037501054,0.0279921503724478,-0.00538887960228318
1991-07-01,6205.937,9394.834,0,0.0129062805723397,0.00505338430828717,0.0317235777331641,-0.00102716850050621
1991-10-01,6264.54,9427.581,0,0.00944305428817671,0.0034856390224669,0.0432670361862884,0.0116650334224857
1992-01-01,6363.102,9540.444,0,0.0157333180089834,0.011971575741434,0.0543354313659017,0.028588691053506
1992-04-01,6470.763,9643.893,0,0.0169195779039835,0.0108432060394681,0.0561300385091095,0.0316975582066708
1992-07-01,6566.641,9739.185,0,0.0148171088942695,0.00988107188663245,0.0581224076235385,0.036653228785096
1992-10-01,6680.803,9840.753,0,0.017385144094217,0.0104287987136504,0.06644749654404,0.0438258764363839
1993-01-01,6729.459,9857.185,0,0.00728295685413927,0.00166979091945541,0.0575752203877919,0.0331998175346975
1993-04-01,6808.939,9914.565,0,0.0118107562584153,0.00582113453283029,0.052262152083147,0.0280666739044078
1993-07-01,6882.098,9961.873,0,0.0107445521247871,0.00477156587303651,0.0480393248237569,0.0228651576081571
1993-10-01,7013.738,10097.362,0,0.0191278880364687,0.0136007556008786,0.0498345782685106,0.0260761549446469
1994-01-01,7115.652,10195.338,0,0.0145306254667625,0.00970312840126075,0.0573884171075267,0.0343052301443059
1994-04-01,7246.931,10333.495,0,0.0184493283257805,0.0135509975245551,0.0643260278877515,0.0422539970235709
1994-07-01,7331.075,10393.898,0,0.0116109840151644,0.00584536016130088,0.0652383909674055,0.0433678485963434
1994-10-01,7455.288,10512.962,0,0.016943354146562,0.0114551826465861,0.0629550177095295,0.0411592651625248
1995-01-01,7522.289,10550.251,0,0.00898704382714577,0.00354695470220534,0.0571468362983463,0.0348113029700439
1995-04-01,7580.997,10581.723,0,0.00780453928318803,0.00298305699077761,0.0460975825490819,0.024021688692935
1995-07-01,7683.125,10671.738,0,0.0134715790020767,0.00850664868093731,0.0480216066538672,0.0267310685558007
1995-10-01,7772.586,10744.203,0,0.0116438298218493,0.00679036535567046,0.0425601264498434,0.0219957990906845
1996-01-01,7868.468,10824.674,0,0.0123359201171922,0.00748971329004289,0.0460204334079692,0.0260110399269173
1996-04-01,8032.84,11005.217,0,0.0208899623154091,0.0166788394735946,0.0596020549803673,0.0400212706380616
1996-07-01,8131.408,11103.935,0,0.0122706290676771,0.0089701093581338,0.0583464410640202,0.0404992139049891
1996-10-01,8259.771,11219.238,0,0.0157860729654689,0.0103839764912161,0.0626799111647012,0.0442131445208174
1997-01-01,8362.655,11291.665,0,0.0124560354034031,0.00645560776944176,0.0628059998464758,0.0431413454114185
1997-04-01,8518.825,11479.33,0,0.0186746912314331,0.016619781050889,0.0604997734300696,0.0430807497934842
1997-07-01,8662.823,11622.911,0,0.0169035048847688,0.0125077857331397,0.065353380373977,0.0467380257539332
1997-10-01,8765.907,11722.722,0,0.0118995851583255,0.00858743562606734,0.0612772436427109,0.044876844577145
1998-01-01,8866.48,11839.876,0,0.0114731995217381,0.00999375401037406,0.0602470148535361,0.0485500588265768
1998-04-01,8969.699,11949.492,0,0.0116414856854132,0.00925820506903841,0.0529267827429252,0.0409572684120068
1998-07-01,9121.097,12099.191,0,0.0168788272605369,0.0125276455266894,0.0529012309266852,0.0409776862267981
1998-10-01,9293.991,12294.737,0,0.0189553953871984,0.0161619070233705,0.06024293892235,0.0487954077559802
1999-01-01,9411.682,12410.778,0,0.0126631282513632,0.00943826614591203,0.0614902418998295,0.0482185793162022
1999-04-01,9526.21,12514.408,0,0.0121687069325116,0.00835000029812849,0.062043442037464,0.0472753151347354
1999-07-01,9686.626,12679.977,0,0.0168394356202521,0.0132302702612865,0.062002300819737,0.0480020523686253
1999-10-01,9900.169,12888.281,0,0.0220451372851591,0.0164277900504073,0.0652225723050517,0.0482762665033014
2000-01-01,10002.179,12935.252,0,0.0103038645097884,0.00364447361133724,0.0627408575852859,0.0422595585868992
2000-04-01,10247.72,13170.749,0,0.0245487508271938,0.0182058300835586,0.0757394598691401,0.052446827688533
2000-07-01,10318.165,13183.89,0,0.00687421201984462,0.000997741282594111,0.0651970046123387,0.0397408449557912
2000-10-01,10435.744,13262.25,0,0.0113953401598057,0.0059436175514207,0.0540975613648615,0.0290162047211726
2001-01-01,10470.231,13219.251,0,0.00330469969366876,-0.00324221003223424,0.0467950033687659,0.0219554284678798
2001-04-01,10599,13301.394,1,0.0122985825241109,0.00621389214865542,0.0342788444649151,0.0099193295688802
2001-07-01,10598.02,13248.142,1,-0.0000924615529775963,-0.0040034901605055,0.027122555221786,0.00487352367169325
2001-10-01,10660.465,13284.881,1,0.00589213834282387,0.00277314358496472,0.0215337785212055,0.00170642236422935
2002-01-01,10783.5,13394.91,0,0.0115412413998817,0.00828227215584332,0.0299199702470747,0.0132881204842845
2002-04-01,10887.46,13477.356,0,0.00964065470394537,0.00615502455783723,0.0272157750731201,0.0132288390224362
2002-07-01,10984.04,13531.741,0,0.00887075589715169,0.00403528703998024,0.0364237848201834,0.0214066998979932
2002-10-01,11061.433,13549.421,0,0.00704595030608068,0.00130655767058951,0.037612618211307,0.0199128618464857
2003-01-01,11174.129,13619.434,0,0.0101881917107851,0.00516723186917067,0.0362246951360876,0.0167618894042587
2003-04-01,11312.766,13741.107,0,0.0124069625471477,0.00893377801162609,0.0390638404182426,0.0195699364177959
2003-07-01,11566.669,13970.157,0,0.0224439363458953,0.0166689626971095,0.053043233637168,0.0323990830152601
2003-10-01,11772.234,14131.379,0,0.0177721866165605,0.0115404572761795,0.0642593956858935,0.0429507652024392
2004-01-01,11923.447,14212.34,0,0.0128448856860985,0.00572916486069697,0.0670582915232139,0.0435338208621592
2004-04-01,12112.815,14323.017,0,0.0158819844630511,0.0077873875800889,0.0707209006179392,0.0423481164945445
2004-07-01,12305.307,14457.832,0,0.0158915991039239,0.00941247224659514,0.0638591802013182,0.0349083406865078
2004-10-01,12527.214,14605.595,0,0.0180334387431371,0.0102202736897203,0.0641322624066085,0.033557659164049
2005-01-01,12767.286,14767.846,0,0.0191640375904814,0.0111088250769646,0.0707713968955455,0.0390861744089994
2005-04-01,12922.656,14839.707,0,0.0121693835322549,0.00486604478405339,0.0668581993533295,0.0360741036612608
2005-07-01,13142.642,14956.291,0,0.0170232806630468,0.00785621980272166,0.0680466566173439,0.0344767458910851
2005-10-01,13324.204,15041.232,0,0.0138147261410595,0.00567928238358095,0.0636206901231191,0.0298267205136113
2006-01-01,13599.16,15244.088,0,0.0206358293523576,0.0134866611990301,0.0651566824773879,0.03224857572323
2006-04-01,13753.424,15281.525,0,0.0113436418131723,0.00245583730558363,0.0642877129902708,0.0297726902559463
2006-07-01,13870.188,15304.517,0,0.00848981315489117,0.00150456188109382,0.0553576670505063,0.0232829115186379
2006-10-01,14039.56,15433.643,0,0.0122112259761726,0.00843711696357485,0.0536884604888967,0.0260890198356092
2007-01-01,14215.651,15478.956,0,0.0125424870864901,0.00293598860618882,0.0453330205689175,0.015407153251805
2007-04-01,14402.082,15577.779,0,0.0131144890937451,0.00638434530080678,0.0471633827329108,0.0193864159499788
2007-07-01,14564.117,15671.605,0,0.0112508038768278,0.0060230665745109,0.0500302519331388,0.023985598500103
2007-10-01,14715.058,15767.146,0,0.0103638964174775,0.00609644002640342,0.0481139010054448,0.0216088320819654
2008-01-01,14706.538,15702.906,1,-0.000578998737212233,-0.00407429473919996,0.0345314470649287,0.0144680300144273
2008-04-01,14865.701,15792.773,1,0.0108226014851356,0.00572295344568663,0.0321911095909604,0.0138013255933338
2008-07-01,14898.999,15709.562,1,0.0022399212791917,-0.00526892902215337,0.0229936356594773,0.00242202378122736
2008-10-01,14608.208,15366.607,1,-0.0195174857049129,-0.0218309714809376,-0.00726126937454141,-0.025403392598762
2009-01-01,14430.901,15187.475,1,-0.012137491470548,-0.0116572253067964,-0.0187424803852545,-0.0328239244379352
2009-04-01,14381.236,15161.772,1,-0.00344157305216108,-0.00169238138663497,-0.0325894486913196,-0.0399550477930632
2009-07-01,14448.882,15216.647,0,0.00470376816012119,0.00361929990768761,-0.0302112242574148,-0.031376750032878
2009-10-01,14651.248,15379.155,0,0.0140056510946656,0.0106796194983034,0.00294628882611736,0.000816575838765266
2010-01-01,14764.611,15456.059,0,0.00773742960326795,0.00500053481481988,0.0231246822357107,0.0176845723202836
2010-04-01,14980.193,15605.628,0,0.0146012651467744,0.00967704639326228,0.0416485064287937,0.0292746784478752
2010-07-01,15141.605,15726.282,0,0.0107750280653931,0.0077314415030274,0.0479430173213402,0.0334919381385399
2010-10-01,15309.471,15807.995,0,0.0110864072864132,0.00519595159237274,0.0449260704617109,0.027884496905064
2011-01-01,15351.444,15769.911,0,0.00274163620676493,-0.00240916068103647,0.0397459167735608,0.0203060819061316
2011-04-01,15557.535,15876.839,0,0.0134248608795364,0.00678050751205883,0.0385403579246275,0.0173790506860729
2011-07-01,15647.681,15870.684,0,0.00579436266735134,-0.000387671626573605,0.0334228769010947,0.00918220848386153
2011-10-01,15842.267,16048.702,0,0.0124354528955435,0.0112167818349855,0.0348017250236798,0.0152269152413067
2012-01-01,16068.824,16179.968,0,0.0143007941982045,0.00817922845099806,0.0467304574084366,0.0260024929753884
2012-04-01,16207.13,16253.726,0,0.00860710155267097,0.00455859986867835,0.0417543653284405,0.0237381634971545
2012-07-01,16319.54,16282.151,0,0.0069358362646561,0.00174882977601443,0.0429366498460699,0.0259262297705631
2012-10-01,16420.386,16300.035,0,0.00617946339173781,0.0010983806746423,0.0364921889020049,0.0156606434588915
2013-01-01,16629.05,16441.485,0,0.0127076184445356,0.00867789547691111,0.0348641568293984,0.0161630109528028
2013-04-01,16699.551,16464.402,0,0.00423962884229789,0.00139385219765753,0.0303829857599711,0.0129617049038477
2013-07-01,16911.068,16594.743,0,0.012666029164496,0.0079165341079499,0.0362466098921905,0.0191984462003822
2013-10-01,17133.114,16712.76,0,0.0131302174410279,0.00711171001563571,0.0434050697711981,0.0253204977780721
2014-01-01,17144.281,16654.247,0,0.000651778771798117,-0.00350109736512616,0.0309837904149666,0.0129405585930953
2014-04-01,17462.703,16868.109,0,0.0185730740180932,0.0128412890717899,0.0456989532233532,0.0245199916765881
2014-07-01,17743.227,17064.616,0,0.0160641797549905,0.011649616444855,0.0492079506746705,0.0283145692584696
2014-10-01,17852.54,17141.235,0,0.00616082970702037,0.00448993402488451,0.0419903819002196,0.0256375966626698
2015-01-01,17991.348,17280.647,0,0.00777525214899311,0.00813313626468526,0.0494081379090789,0.0376120277308245
2015-04-01,18193.707,17380.875,0,0.0112475730000896,0.00580001431659416,0.0418608734283574,0.0303985467487791
2015-07-01,18306.96,17437.08,0,0.00622484466744333,0.00323372672549516,0.0317717290096102,0.021826685112633
2015-10-01,18332.079,17462.579,0,0.00137210110253294,0.00146234346576413,0.0268611077191256,0.0187468405864573
2016-01-01,18425.306,17565.465,0,0.00508545702863139,0.00589179868563572,0.0241203716364109,0.0164819060304859
2016-04-01,18611.617,17618.581,0,0.0101116909537349,0.00302388806672704,0.0229700302417752,0.0136762965040598
2016-07-01,18775.459,17724.489,0,0.00880321145658769,0.00601115379269146,0.0255913051648116,0.0164826335602062
2016-10-01,18968.041,17812.56,0,0.010257112755538,0.00496888796060579,0.0346912098731409,0.0200417704624272
2017-01-01,19153.912,17896.623,0,0.00979916692504035,0.00471931041916496,0.0395437666001313,0.0188527886964562
2017-04-01,19322.92,17996.802,0,0.00882368050975701,0.00559764822670772,0.0382182268203779,0.0214671658290757
2017-07-01,19558.693,18126.226,0,0.0122017272751733,0.00719149991203927,0.0417158376793878,0.0226656463833736
2017-10-01,19882.965,18296.685,0,0.0165794309466398,0.00940399838333672,0.0482350285936222,0.027178855818591
2018-01-01,20143.716,18436.262,0,0.0131142915556088,0.00762854036127347,0.0516763364058475,0.030153118831413
2018-04-01,20492.492,18590.004,0,0.0173143823115856,0.0083391090883822,0.0605277049224444,0.0329615228305562
2018-07-01,20659.102,18679.599,0,0.00813029474404581,0.00481952559020526,0.0562618882560302,0.0305288591237911
2018-10-01,20813.325,18721.281,0,0.00746513570628671,0.00223141835111029,0.0467918139975603,0.0232061709539186
2019-01-01,21001.591,18833.195,0,0.0090454552552266,0.00597790290098255,0.0425877231390672,0.0215300151408133
2019-04-01,21289.268,18982.528,0,0.0136978669854102,0.00792924408205864,0.0388813620129753,0.0211147883561509
2019-07-01,21505.012,19112.653,0,0.0101339322704752,0.00685498791309569,0.0409461166317877,0.0231832599832578
2019-10-01,21694.458,19202.31,0,0.00880938824865618,0.00469097618211345,0.0423350425748887,0.0256942353463956
2020-01-01,21481.367,18951.992,0,-0.00982237030305211,-0.0130358274603426,0.0228447454290486,0.00630785164174208
2020-04-01,19477.444,17258.205,0,-0.0932865678427256,-0.0893725050116098,-0.085105039778728,-0.0908373742422504
2020-07-01,21138.574,18560.774,0,0.0852848043100516,0.0754753463642355,-0.0170396556858465,-0.0288750598883366
2020-10-01,21477.597,18767.778,0,0.0160381206414404,0.0111527676593663,-0.00999614740317534,-0.0226291524300984
2021-01-01,22038.226,19055.655,0,0.0261029667331971,0.0153388962721113,0.0259228847028217,0.00546976803282728
2021-04-01,22740.959,19368.31,0,0.0318870039720982,0.0164074653954427,0.167553555795103,0.12226677108077
2021-07-01,23202.344,19478.893,0,0.0202887222126387,0.00570948110599145,0.0976305213398028,0.0494655556928822
2021-10-01,23992.355,19805.962,0,0.0340487581771909,0.0167909439206837,0.117087493540362,0.0553173636218418
